{
	"name": "add",
	"circuits": [
		{
			"id": "4-bit full adder",
			"alice": [1, 2, 9, 16, 23],
			"bob": [3, 10, 17, 24],
			"out": [5, 12, 19, 26, 29],
			"gates": [
				{ "id": 4, "type": "XOR", "in": [2, 3] },
				{ "id": 5, "type": "XOR", "in": [1, 4] },
				{ "id": 6, "type": "AND", "in": [2, 3] },
				{ "id": 7, "type": "AND", "in": [1, 4] },
				{ "id": 8, "type": "OR", "in": [6, 7] },

				{ "id": 11, "type": "XOR", "in": [9, 10] },
				{ "id": 12, "type": "XOR", "in": [8, 11] },
				{ "id": 13, "type": "AND", "in": [9, 10] },
				{ "id": 14, "type": "AND", "in": [8, 11] },
				{ "id": 15, "type": "OR", "in": [13, 14] },

				{ "id": 18, "type": "XOR", "in": [16, 17] },
				{ "id": 19, "type": "XOR", "in": [15, 18] },
				{ "id": 20, "type": "AND", "in": [16, 17] },
				{ "id": 21, "type": "AND", "in": [15, 18] },
				{ "id": 22, "type": "OR", "in": [20, 21] },

				{ "id": 25, "type": "XOR", "in": [23, 24] },
				{ "id": 26, "type": "XOR", "in": [22, 25] },
				{ "id": 27, "type": "AND", "in": [23, 24] },
				{ "id": 28, "type": "AND", "in": [22, 25] },
				{ "id": 29, "type": "OR", "in": [27, 28] }
			]
		}
	]
}
